time_iso8601,stars_cumulative
2025-01-08 00:00:00+00:00,10
2025-01-09 00:00:00+00:00,25
2025-01-10 00:00:00+00:00,52
2025-01-11 00:00:00+00:00,56
2025-01-12 00:00:00+00:00,61
2025-01-13 00:00:00+00:00,84
2025-01-14 00:00:00+00:00,103
2025-01-15 00:00:00+00:00,132
2025-01-16 00:00:00+00:00,206
2025-01-17 00:00:00+00:00,238
2025-01-18 00:00:00+00:00,254
2025-01-19 00:00:00+00:00,269
2025-01-20 00:00:00+00:00,300
2025-01-21 00:00:00+00:00,315
2025-01-22 00:00:00+00:00,328
2025-01-23 00:00:00+00:00,336
2025-01-24 00:00:00+00:00,343
2025-01-25 00:00:00+00:00,347
2025-01-26 00:00:00+00:00,352
2025-01-27 00:00:00+00:00,363
2025-01-28 00:00:00+00:00,369
2025-01-29 00:00:00+00:00,374
2025-01-30 00:00:00+00:00,402
2025-01-31 00:00:00+00:00,404
2025-02-01 00:00:00+00:00,409
2025-02-02 00:00:00+00:00,416
2025-02-03 00:00:00+00:00,443
2025-02-04 00:00:00+00:00,459
2025-02-05 00:00:00+00:00,470
2025-02-06 00:00:00+00:00,472
2025-02-07 00:00:00+00:00,481
2025-02-08 00:00:00+00:00,489
2025-02-09 00:00:00+00:00,493
2025-02-10 00:00:00+00:00,503
2025-02-11 00:00:00+00:00,509
2025-02-12 00:00:00+00:00,515
2025-02-13 00:00:00+00:00,524
2025-02-14 00:00:00+00:00,529
2025-02-15 00:00:00+00:00,535
2025-02-16 00:00:00+00:00,539
2025-02-17 00:00:00+00:00,548
2025-02-18 00:00:00+00:00,558
2025-02-19 00:00:00+00:00,566
2025-02-20 00:00:00+00:00,576
2025-02-21 00:00:00+00:00,593
2025-02-22 00:00:00+00:00,599
2025-02-23 00:00:00+00:00,606
2025-02-24 00:00:00+00:00,616
2025-02-25 00:00:00+00:00,624
2025-02-26 00:00:00+00:00,633
2025-02-27 00:00:00+00:00,635
2025-02-28 00:00:00+00:00,642
2025-03-01 00:00:00+00:00,648
2025-03-02 00:00:00+00:00,649
2025-03-03 00:00:00+00:00,659
2025-03-04 00:00:00+00:00,666
2025-03-05 00:00:00+00:00,678
2025-03-06 00:00:00+00:00,688
2025-03-07 00:00:00+00:00,695
2025-03-08 00:00:00+00:00,699
2025-03-09 00:00:00+00:00,702
2025-03-10 00:00:00+00:00,713
2025-03-11 00:00:00+00:00,715
2025-03-12 00:00:00+00:00,724
2025-03-13 00:00:00+00:00,770
2025-03-14 00:00:00+00:00,778
2025-03-15 00:00:00+00:00,783
2025-03-16 00:00:00+00:00,785
2025-03-17 00:00:00+00:00,794
2025-03-18 00:00:00+00:00,804
2025-03-19 00:00:00+00:00,807
2025-03-20 00:00:00+00:00,814
2025-03-21 00:00:00+00:00,818
2025-03-22 00:00:00+00:00,823
2025-03-23 00:00:00+00:00,828
2025-03-24 00:00:00+00:00,839
2025-03-25 00:00:00+00:00,849
2025-03-26 00:00:00+00:00,855
2025-03-27 00:00:00+00:00,860
2025-03-28 00:00:00+00:00,870
2025-03-29 00:00:00+00:00,874
2025-03-30 00:00:00+00:00,875
2025-03-31 00:00:00+00:00,884
2025-04-01 00:00:00+00:00,888
2025-04-02 00:00:00+00:00,893
2025-04-03 00:00:00+00:00,897
2025-04-04 00:00:00+00:00,903
2025-04-05 00:00:00+00:00,906
2025-04-06 00:00:00+00:00,909
2025-04-07 00:00:00+00:00,913
2025-04-08 00:00:00+00:00,921
2025-04-09 00:00:00+00:00,923
2025-04-10 00:00:00+00:00,926
2025-04-11 00:00:00+00:00,929
2025-04-12 00:00:00+00:00,931
2025-04-13 00:00:00+00:00,932
2025-04-14 00:00:00+00:00,935
2025-04-15 00:00:00+00:00,937
2025-04-16 00:00:00+00:00,940
2025-04-17 00:00:00+00:00,944
2025-04-18 00:00:00+00:00,948
2025-04-19 00:00:00+00:00,951
2025-04-20 00:00:00+00:00,953
2025-04-21 00:00:00+00:00,957
2025-04-22 00:00:00+00:00,963
2025-04-23 00:00:00+00:00,974
2025-04-24 00:00:00+00:00,976
2025-04-25 00:00:00+00:00,983
2025-04-26 00:00:00+00:00,985
2025-04-27 00:00:00+00:00,987
2025-04-28 00:00:00+00:00,990
2025-04-29 00:00:00+00:00,994
2025-04-30 00:00:00+00:00,995
2025-05-01 00:00:00+00:00,996
2025-05-02 00:00:00+00:00,998
2025-05-03 00:00:00+00:00,1003
2025-05-04 00:00:00+00:00,1038
2025-05-05 00:00:00+00:00,1070
2025-05-06 00:00:00+00:00,1128
2025-05-07 00:00:00+00:00,1176
2025-05-08 00:00:00+00:00,1187
2025-05-09 00:00:00+00:00,1206
2025-05-10 00:00:00+00:00,1215
2025-05-11 00:00:00+00:00,1231
2025-05-12 00:00:00+00:00,1250
2025-05-13 00:00:00+00:00,1260
2025-05-14 00:00:00+00:00,1267
2025-05-15 00:00:00+00:00,1274
2025-05-16 00:00:00+00:00,1279
2025-05-17 00:00:00+00:00,1284
2025-05-19 00:00:00+00:00,1291
2025-05-20 00:00:00+00:00,1298
2025-05-21 00:00:00+00:00,1301
2025-05-22 00:00:00+00:00,1305
2025-05-23 00:00:00+00:00,1310
2025-05-24 00:00:00+00:00,1312
2025-05-25 00:00:00+00:00,1315
2025-05-26 00:00:00+00:00,1323
2025-05-27 00:00:00+00:00,1331
2025-05-28 00:00:00+00:00,1344
2025-05-29 00:00:00+00:00,1357
2025-05-30 00:00:00+00:00,1371
2025-05-31 00:00:00+00:00,1374
2025-06-01 00:00:00+00:00,1377
2025-06-02 00:00:00+00:00,1386
2025-06-03 00:00:00+00:00,1395
2025-06-04 00:00:00+00:00,1401
2025-06-05 00:00:00+00:00,1408
2025-06-06 00:00:00+00:00,1415
2025-06-07 00:00:00+00:00,1422
2025-06-08 00:00:00+00:00,1428
2025-06-09 00:00:00+00:00,1443
2025-06-10 00:00:00+00:00,1450
2025-06-11 00:00:00+00:00,1463
2025-06-12 00:00:00+00:00,1478
2025-06-13 00:00:00+00:00,1485
2025-06-14 00:00:00+00:00,1487
2025-06-16 00:00:00+00:00,1498
2025-06-17 00:00:00+00:00,1513
2025-06-18 00:00:00+00:00,1522
2025-06-19 00:00:00+00:00,1532
2025-06-20 00:00:00+00:00,1537
2025-06-21 00:00:00+00:00,1541
2025-06-22 00:00:00+00:00,1543
2025-06-23 00:00:00+00:00,1549
2025-06-24 00:00:00+00:00,1560
2025-06-25 00:00:00+00:00,1571
2025-06-26 00:00:00+00:00,1575
2025-06-27 00:00:00+00:00,1579
2025-06-28 00:00:00+00:00,1581
2025-06-29 00:00:00+00:00,1583
2025-06-30 00:00:00+00:00,1594
2025-07-01 00:00:00+00:00,1602
2025-07-02 00:00:00+00:00,1607
2025-07-03 00:00:00+00:00,1616
2025-07-04 00:00:00+00:00,1623
2025-07-05 00:00:00+00:00,1626
2025-07-06 00:00:00+00:00,1629
2025-07-07 00:00:00+00:00,1635
2025-07-08 00:00:00+00:00,1642
2025-07-09 00:00:00+00:00,1651
2025-07-10 00:00:00+00:00,1655
2025-07-11 00:00:00+00:00,1660
2025-07-12 00:00:00+00:00,1664
2025-07-13 00:00:00+00:00,1666
2025-07-14 00:00:00+00:00,1671
2025-07-15 00:00:00+00:00,1676
2025-07-16 00:00:00+00:00,1681
2025-07-17 00:00:00+00:00,1690
2025-07-18 00:00:00+00:00,1697
2025-07-19 00:00:00+00:00,1702
2025-07-20 00:00:00+00:00,1705
2025-07-21 00:00:00+00:00,1713
2025-07-22 00:00:00+00:00,1719
2025-07-23 00:00:00+00:00,1725
2025-07-24 00:00:00+00:00,1728
2025-07-25 00:00:00+00:00,1731
2025-07-26 00:00:00+00:00,1734
2025-07-27 00:00:00+00:00,1737
2025-07-28 00:00:00+00:00,1743
2025-07-29 00:00:00+00:00,1749
2025-07-30 00:00:00+00:00,1754
2025-07-31 00:00:00+00:00,1762
2025-08-01 00:00:00+00:00,1766
2025-08-02 00:00:00+00:00,1769
2025-08-03 00:00:00+00:00,1773
2025-08-04 00:00:00+00:00,1776
2025-08-05 00:00:00+00:00,1779
2025-08-06 00:00:00+00:00,1783
2025-08-07 00:00:00+00:00,1785
2025-08-08 00:00:00+00:00,1791
2025-08-09 00:00:00+00:00,1793
2025-08-10 00:00:00+00:00,1796
2025-08-11 00:00:00+00:00,1799
2025-08-12 00:00:00+00:00,1802
2025-08-14 00:00:00+00:00,1808
2025-08-15 00:00:00+00:00,1813
2025-08-16 00:00:00+00:00,1815
2025-08-17 00:00:00+00:00,1816
2025-08-18 00:00:00+00:00,1818
2025-08-19 00:00:00+00:00,1827
2025-08-20 00:00:00+00:00,1833
2025-08-21 00:00:00+00:00,1839
2025-08-22 00:00:00+00:00,1844
2025-08-24 00:00:00+00:00,1845
2025-08-25 00:00:00+00:00,1853
2025-08-26 00:00:00+00:00,1861
2025-08-27 00:00:00+00:00,1865
2025-08-28 00:00:00+00:00,1869
2025-08-29 00:00:00+00:00,1873
2025-08-30 00:00:00+00:00,1874
2025-09-01 00:00:00+00:00,1880
2025-09-02 00:00:00+00:00,1884
2025-09-03 00:00:00+00:00,1891
2025-09-04 00:00:00+00:00,1894
2025-09-05 00:00:00+00:00,1899
2025-09-07 00:00:00+00:00,1901
2025-09-08 00:00:00+00:00,1904
2025-09-09 00:00:00+00:00,1906
2025-09-10 00:00:00+00:00,1913
2025-09-11 00:00:00+00:00,1916
2025-09-12 00:00:00+00:00,1920
2025-09-13 00:00:00+00:00,1922
2025-09-14 00:00:00+00:00,1923
2025-09-15 00:00:00+00:00,1931
2025-09-16 00:00:00+00:00,1937
2025-09-17 00:00:00+00:00,1944
2025-09-18 00:00:00+00:00,1952
2025-09-19 00:00:00+00:00,1954
2025-09-20 00:00:00+00:00,1957
2025-09-21 00:00:00+00:00,1963
2025-09-22 00:00:00+00:00,1967
2025-09-23 00:00:00+00:00,1969
2025-09-24 00:00:00+00:00,1975
2025-09-25 00:00:00+00:00,1978
2025-09-26 00:00:00+00:00,1980
2025-09-27 00:00:00+00:00,1983
2025-09-28 00:00:00+00:00,1989
2025-09-29 00:00:00+00:00,1994
2025-09-30 00:00:00+00:00,1997
2025-10-01 00:00:00+00:00,1998
2025-10-02 00:00:00+00:00,2000
2025-10-03 00:00:00+00:00,2002
2025-10-04 00:00:00+00:00,2003
2025-10-05 00:00:00+00:00,2005
2025-10-06 00:00:00+00:00,2007
2025-10-07 00:00:00+00:00,2015
2025-10-08 00:00:00+00:00,2016
2025-10-09 00:00:00+00:00,2025
2025-10-10 00:00:00+00:00,2033
2025-10-11 00:00:00+00:00,2036
2025-10-12 00:00:00+00:00,2038
2025-10-13 00:00:00+00:00,2042
2025-10-14 00:00:00+00:00,2052
2025-10-15 00:00:00+00:00,2062
2025-10-16 00:00:00+00:00,2066
2025-10-17 00:00:00+00:00,2073
2025-10-18 00:00:00+00:00,2079
2025-10-20 00:00:00+00:00,2086
2025-10-21 00:00:00+00:00,2091
2025-10-22 00:00:00+00:00,2095
2025-10-23 00:00:00+00:00,2099
2025-10-24 00:00:00+00:00,2101
2025-10-25 00:00:00+00:00,2102
2025-10-26 00:00:00+00:00,2104
2025-10-27 00:00:00+00:00,2106
2025-10-28 00:00:00+00:00,2111
2025-10-29 00:00:00+00:00,2114
2025-10-30 00:00:00+00:00,2115
2025-10-31 00:00:00+00:00,2120
2025-11-01 00:00:00+00:00,2121
2025-11-03 00:00:00+00:00,2128
2025-11-04 00:00:00+00:00,2132
2025-11-05 00:00:00+00:00,2140
2025-11-06 00:00:00+00:00,2145
2025-11-07 00:00:00+00:00,2152
2025-11-08 00:00:00+00:00,2156
2025-11-09 00:00:00+00:00,2161
2025-11-10 00:00:00+00:00,2171
2025-11-11 00:00:00+00:00,2174
2025-11-12 00:00:00+00:00,2184
2025-11-13 00:00:00+00:00,2193
2025-11-14 00:00:00+00:00,2197
2025-11-15 00:00:00+00:00,2201
2025-11-16 00:00:00+00:00,2207
2025-11-17 00:00:00+00:00,2211
2025-11-18 00:00:00+00:00,2216
2025-11-19 00:00:00+00:00,2217
2025-11-20 00:00:00+00:00,2220
2025-11-21 00:00:00+00:00,2226
2025-11-22 00:00:00+00:00,2228
2025-11-24 00:00:00+00:00,2231
2025-11-25 00:00:00+00:00,2238
2025-11-26 00:00:00+00:00,2248
2025-11-27 00:00:00+00:00,2258
2025-11-28 00:00:00+00:00,2263
2025-11-29 00:00:00+00:00,2265
2025-11-30 00:00:00+00:00,2380
2025-12-01 00:00:00+00:00,2468
2025-12-02 00:00:00+00:00,2527
2025-12-03 00:00:00+00:00,2553
2025-12-04 00:00:00+00:00,2590
2025-12-05 00:00:00+00:00,2622
2025-12-06 00:00:00+00:00,2642
2025-12-07 00:00:00+00:00,2656
2025-12-08 00:00:00+00:00,2685
2025-12-09 00:00:00+00:00,2710
2025-12-10 00:00:00+00:00,2727
2025-12-11 00:00:00+00:00,2741
2025-12-12 00:00:00+00:00,2747
2025-12-13 00:00:00+00:00,2756
2025-12-14 00:00:00+00:00,2763
2025-12-15 00:00:00+00:00,2791
2025-12-16 00:00:00+00:00,2806
2025-12-17 00:00:00+00:00,2823
2025-12-18 00:00:00+00:00,2835
2025-12-19 00:00:00+00:00,2843
2025-12-20 00:00:00+00:00,2846
2025-12-21 00:00:00+00:00,2850
2025-12-22 00:00:00+00:00,2859
2025-12-23 00:00:00+00:00,2870
2025-12-24 00:00:00+00:00,2881
2025-12-25 00:00:00+00:00,2895
2025-12-26 00:00:00+00:00,2901
2025-12-27 00:00:00+00:00,2902
2025-12-28 00:00:00+00:00,2907
2025-12-29 00:00:00+00:00,2912
2025-12-30 00:00:00+00:00,2922
2025-12-31 00:00:00+00:00,2932
2026-01-01 00:00:00+00:00,2935
2026-01-02 00:00:00+00:00,2939
2026-01-03 00:00:00+00:00,2944
2026-01-04 00:00:00+00:00,2969
2026-01-05 00:00:00+00:00,2989
2026-01-06 00:00:00+00:00,3001
2026-01-07 00:00:00+00:00,3018
2026-01-08 00:00:00+00:00,3030
2026-01-09 00:00:00+00:00,3046
2026-01-10 00:00:00+00:00,3053
2026-01-11 00:00:00+00:00,3056
2026-01-12 00:00:00+00:00,3068
2026-01-13 00:00:00+00:00,3077
2026-01-14 00:00:00+00:00,3090
2026-01-15 00:00:00+00:00,3103
2026-01-16 00:00:00+00:00,3116
2026-01-17 00:00:00+00:00,3121
2026-01-18 00:00:00+00:00,3125
2026-01-19 00:00:00+00:00,3132
2026-01-20 00:00:00+00:00,3142
2026-01-21 00:00:00+00:00,3154
2026-01-22 00:00:00+00:00,3169
2026-01-23 00:00:00+00:00,3180
2026-01-24 00:00:00+00:00,3185
2026-01-25 00:00:00+00:00,3188
2026-01-26 00:00:00+00:00,3190
2026-01-27 00:00:00+00:00,3198
2026-01-28 00:00:00+00:00,3200
2026-01-29 00:00:00+00:00,3203
2026-01-30 00:00:00+00:00,3210
2026-01-31 00:00:00+00:00,3212
2026-02-01 00:00:00+00:00,3213
2026-02-02 00:00:00+00:00,3220
2026-02-03 00:00:00+00:00,3229
2026-02-04 00:00:00+00:00,3237
2026-02-05 00:00:00+00:00,3242
2026-02-06 00:00:00+00:00,3245
2026-02-07 00:00:00+00:00,3247
2026-02-08 00:00:00+00:00,3251
2026-02-09 00:00:00+00:00,3260
2026-02-10 00:00:00+00:00,3264
2026-02-11 00:00:00+00:00,3272
2026-02-12 00:00:00+00:00,3276
2026-02-13 00:00:00+00:00,3281
2026-02-14 00:00:00+00:00,3283
2026-02-16 00:00:00+00:00,3285
2026-02-17 00:00:00+00:00,3287
2026-02-18 00:00:00+00:00,3291
2026-02-19 00:00:00+00:00,3292
2026-02-20 00:00:00+00:00,3294
2026-02-21 00:00:00+00:00,3296
2026-02-22 00:00:00+00:00,3299
2026-02-23 00:00:00+00:00,3301
2026-02-24 00:00:00+00:00,3312
2026-02-25 00:00:00+00:00,3317
2026-02-26 00:00:00+00:00,3326
2026-02-27 00:00:00+00:00,3337
2026-02-28 00:00:00+00:00,3350
2026-03-01 00:00:00+00:00,3355
2026-03-02 00:00:00+00:00,3361
2026-03-03 00:00:00+00:00,3371
2026-03-04 00:00:00+00:00,3378
2026-03-05 00:00:00+00:00,3380
2026-03-06 00:00:00+00:00,3389
2026-03-07 00:00:00+00:00,3393
2026-03-08 00:00:00+00:00,3400
2026-03-09 00:00:00+00:00,3407
2026-03-10 00:00:00+00:00,3420
2026-03-11 00:00:00+00:00,3432
2026-03-12 00:00:00+00:00,3449
2026-03-13 00:00:00+00:00,3461
2026-03-14 00:00:00+00:00,3464
2026-03-15 00:00:00+00:00,3469
2026-03-16 00:00:00+00:00,3479
2026-03-17 00:00:00+00:00,3487
2026-03-18 00:00:00+00:00,3545
2026-03-19 00:00:00+00:00,3614
2026-03-20 00:00:00+00:00,3648
2026-03-21 00:00:00+00:00,3668
2026-03-22 00:00:00+00:00,3681
2026-03-23 00:00:00+00:00,3705
2026-03-24 00:00:00+00:00,3727
2026-03-25 00:00:00+00:00,3740
2026-03-26 00:00:00+00:00,3772
2026-03-27 00:00:00+00:00,3789
2026-03-28 00:00:00+00:00,3799
2026-03-29 00:00:00+00:00,3807
2026-03-30 00:00:00+00:00,3826
2026-03-31 00:00:00+00:00,3838
2026-04-01 00:00:00+00:00,3849
2026-04-02 00:00:00+00:00,3856
2026-04-03 00:00:00+00:00,3863
2026-04-04 00:00:00+00:00,3868
2026-04-05 00:00:00+00:00,3875
2026-04-06 00:00:00+00:00,3887
2026-04-07 00:00:00+00:00,3899
2026-04-08 00:00:00+00:00,3918
2026-04-09 00:00:00+00:00,3930
2026-04-10 00:00:00+00:00,3941
2026-04-11 00:00:00+00:00,3947
2026-04-12 00:00:00+00:00,3956
2026-04-13 00:00:00+00:00,3970
2026-04-14 00:00:00+00:00,3983
2026-04-15 00:00:00+00:00,3993
2026-04-16 00:00:00+00:00,4006
2026-04-17 00:00:00+00:00,4018
2026-04-18 00:00:00+00:00,4025
2026-04-19 00:00:00+00:00,4033
2026-04-20 00:00:00+00:00,4039
2026-04-21 00:00:00+00:00,4048
2026-04-22 00:00:00+00:00,4067
2026-04-23 00:00:00+00:00,4079
2026-04-24 00:00:00+00:00,4086
2026-04-25 00:00:00+00:00,4094
2026-04-26 00:00:00+00:00,4100
2026-04-27 00:00:00+00:00,4111
2026-04-28 00:00:00+00:00,4124
2026-04-29 00:00:00+00:00,4139
2026-04-30 00:00:00+00:00,4147
2026-05-01 00:00:00+00:00,4153
2026-05-02 00:00:00+00:00,4162
2026-05-03 00:00:00+00:00,4170
2026-05-04 00:00:00+00:00,4174
2026-05-05 00:00:00+00:00,4180
2026-05-06 00:00:00+00:00,4194
2026-05-07 00:00:00+00:00,4208
2026-05-08 00:00:00+00:00,4218
2026-05-09 00:00:00+00:00,4232
2026-05-10 00:00:00+00:00,4239
2026-05-11 00:00:00+00:00,4249
2026-05-12 00:00:00+00:00,4264
2026-05-13 00:00:00+00:00,4279
2026-05-14 00:00:00+00:00,4290
2026-05-15 00:00:00+00:00,4299
2026-05-16 00:00:00+00:00,4310
2026-05-17 00:00:00+00:00,4316
2026-05-18 00:00:00+00:00,4328
2026-05-19 00:00:00+00:00,4346
2026-05-20 00:00:00+00:00,4358
2026-05-21 00:00:00+00:00,4366
2026-05-22 00:00:00+00:00,4375
2026-05-23 00:00:00+00:00,4382
2026-05-24 00:00:00+00:00,4385
2026-05-25 00:00:00+00:00,4396
2026-05-26 00:00:00+00:00,4408
2026-05-27 00:00:00+00:00,4431
2026-05-28 00:00:00+00:00,4446
2026-05-29 00:00:00+00:00,4455
2026-05-30 00:00:00+00:00,4464
2026-05-31 00:00:00+00:00,4475
2026-06-01 00:00:00+00:00,4486
2026-06-02 00:00:00+00:00,4498
2026-06-03 00:00:00+00:00,4520
2026-06-04 00:00:00+00:00,4534
2026-06-05 00:00:00+00:00,4547
2026-06-06 00:00:00+00:00,4552
2026-06-07 00:00:00+00:00,4564
2026-06-08 00:00:00+00:00,4572
2026-06-09 00:00:00+00:00,4576
2026-06-10 00:00:00+00:00,4583
2026-06-11 00:00:00+00:00,4590
2026-06-12 00:00:00+00:00,4597
2026-06-13 00:00:00+00:00,4605
2026-06-14 00:00:00+00:00,4610
2026-06-15 00:00:00+00:00,4618
2026-06-16 00:00:00+00:00,4626
2026-06-17 00:00:00+00:00,4633
2026-06-18 00:00:00+00:00,4641
2026-06-19 00:00:00+00:00,4646
2026-06-20 00:00:00+00:00,4648
2026-06-21 00:00:00+00:00,4654
2026-06-22 00:00:00+00:00,4663
2026-06-23 00:00:00+00:00,4669
2026-06-24 00:00:00+00:00,4677
2026-06-25 00:00:00+00:00,4681
2026-06-26 00:00:00+00:00,4687
2026-06-27 00:00:00+00:00,4693
2026-06-28 00:00:00+00:00,4702
2026-06-29 00:00:00+00:00,4711
2026-06-30 00:00:00+00:00,4720
2026-07-01 00:00:00+00:00,4728
2026-07-02 00:00:00+00:00,4730
2026-07-03 00:00:00+00:00,4734
2026-07-04 00:00:00+00:00,4736
2026-07-05 00:00:00+00:00,4739
2026-07-06 00:00:00+00:00,4744
2026-07-07 00:00:00+00:00,4747
2026-07-08 00:00:00+00:00,4753
2026-07-09 00:00:00+00:00,4755
2026-07-10 00:00:00+00:00,4762
2026-07-11 00:00:00+00:00,4767
2026-07-13 00:00:00+00:00,4774
2026-07-14 00:00:00+00:00,4783
2026-07-15 00:00:00+00:00,4789
2026-07-16 00:00:00+00:00,4795
2026-07-17 00:00:00+00:00,4801
2026-07-18 00:00:00+00:00,4803
2026-07-19 00:00:00+00:00,4807
2026-07-20 00:00:00+00:00,4810
2026-07-22 00:00:00+00:00,4814
2026-07-23 00:00:00+00:00,4818
2026-07-24 00:00:00+00:00,4823
2026-07-25 00:00:00+00:00,4826
2026-07-27 00:00:00+00:00,4831
2026-07-28 00:00:00+00:00,4836
2026-07-29 00:00:00+00:00,4841
2026-07-30 00:00:00+00:00,4847
2026-07-31 00:00:00+00:00,4853
2026-08-01 00:00:00+00:00,4859
2026-08-02 00:00:00+00:00,4861
2026-08-03 00:00:00+00:00,4862
2026-08-04 00:00:00+00:00,4869
2026-08-05 00:00:00+00:00,4871
2026-08-06 00:00:00+00:00,4873
2026-08-07 00:00:00+00:00,4875
2026-08-08 00:00:00+00:00,4876
2026-08-09 00:00:00+00:00,4880
2026-08-10 00:00:00+00:00,4888
2026-08-11 00:00:00+00:00,4893
2026-08-12 00:00:00+00:00,4897
2026-08-13 00:00:00+00:00,4898
2026-08-14 00:00:00+00:00,4900
2026-08-15 00:00:00+00:00,4902
2026-08-16 00:00:00+00:00,4906
2026-08-17 00:00:00+00:00,4912
2026-08-18 00:00:00+00:00,4915
2026-08-19 00:00:00+00:00,4916
2026-08-20 00:00:00+00:00,4921
2026-08-21 00:00:00+00:00,4922
2026-08-22 00:00:00+00:00,4923
2026-08-23 00:00:00+00:00,4928
2026-08-24 00:00:00+00:00,4930
2026-08-25 00:00:00+00:00,4936
2026-08-26 00:00:00+00:00,4940
2026-08-27 00:00:00+00:00,4944
2026-08-28 00:00:00+00:00,4949
2026-08-29 00:00:00+00:00,4952
2026-08-30 00:00:00+00:00,4955
2026-08-31 00:00:00+00:00,4958
2026-09-01 00:00:00+00:00,4959
2026-09-02 00:00:00+00:00,4962
2026-09-03 00:00:00+00:00,4965
2026-09-04 00:00:00+00:00,4973
2026-09-05 00:00:00+00:00,4975
2026-09-06 00:00:00+00:00,4978
2026-09-07 00:00:00+00:00,4985
2026-09-08 00:00:00+00:00,4992
2026-09-09 00:00:00+00:00,5002
2026-09-10 00:00:00+00:00,5006
2026-09-11 00:00:00+00:00,5010
2026-09-12 00:00:00+00:00,5011
2026-09-13 00:00:00+00:00,5013
2026-09-14 00:00:00+00:00,5023
2026-09-15 00:00:00+00:00,5025
2026-09-16 00:00:00+00:00,5029
2026-09-17 00:00:00+00:00,5033
2026-09-18 00:00:00+00:00,5036
2026-09-20 00:00:00+00:00,5038
2026-09-21 00:00:00+00:00,5040
2026-09-22 00:00:00+00:00,5046
2026-09-23 00:00:00+00:00,5055
2026-09-24 00:00:00+00:00,5056
2026-09-27 00:00:00+00:00,5060
2026-09-28 00:00:00+00:00,5067
2026-09-29 00:00:00+00:00,5070
2026-09-30 00:00:00+00:00,5074
2026-10-01 00:00:00+00:00,5077
2026-10-02 00:00:00+00:00,5081
2026-10-03 00:00:00+00:00,5083
2026-10-04 00:00:00+00:00,5087
2026-10-05 00:00:00+00:00,5088
